no. episodes,score,avg_score,best_score,epsilon,n_steps,batch,64,replace,1,eps_dec,1e-05,mem size,10000,gamma,0.99,lr,0.0001
0,9.159816142636828,9.159816142636828,9.159816142636828,0.95,18
1,47.76176397217205,28.460790057404438,47.76176397217205,0.9498500000000006,78
2,27.666822898681858,28.196134337830244,47.76176397217205,0.9494800000000023,115
3,41.856909964000806,31.611328244372885,47.76176397217205,0.9489800000000046,165
4,42.92915925669513,33.87489444683733,47.76176397217205,0.9484200000000071,221
5,65.68644141673576,39.17681894182041,65.68644141673576,0.9476000000000109,303
6,46.185613133129664,40.17807525486459,65.68644141673576,0.9470100000000136,362
7,44.73479474056512,40.74766519057715,65.68644141673576,0.946480000000016,415
8,35.48853513522772,40.16331740664944,65.68644141673576,0.946040000000018,459
9,43.69448991718855,40.51643465770335,65.68644141673576,0.9455100000000204,512
10,47.25273669316084,41.12882575183585,65.68644141673576,0.9449600000000229,567
11,43.10739395058772,41.29370643506517,65.68644141673576,0.9444300000000253,620
12,34.84166987441131,40.79739593039949,65.68644141673576,0.9440000000000273,663
13,33.96937222068664,40.309679951134285,65.68644141673576,0.9435600000000293,707
14,28.05742440191898,39.49286291451993,65.68644141673576,0.943180000000031,745
15,34.44164606262348,39.1771618612764,65.68644141673576,0.942730000000033,790
16,39.2152973319462,39.17940512425698,65.68644141673576,0.9422600000000352,837
17,54.68762868595877,40.04097309990708,65.68644141673576,0.9415800000000383,905
18,33.626246991207154,39.703355936291295,65.68644141673576,0.9411200000000404,951
19,51.54164967572433,40.295270623262944,65.68644141673576,0.9404900000000432,1014
20,30.0562384113,39.80769766078852,65.68644141673576,0.940100000000045,1053
21,43.84850383612502,39.99137066875836,65.68644141673576,0.9395600000000475,1107
22,42.843802438510465,40.11538944135628,65.68644141673576,0.9390200000000499,1161
23,45.32699891246739,40.332539835985905,65.68644141673576,0.9384200000000527,1221
24,39.7607504267653,40.309668259617084,65.68644141673576,0.9379400000000548,1269
25,50.54906200656842,40.70349109603829,65.68644141673576,0.9373400000000576,1329
26,49.64816478907596,41.03477530689153,65.68644141673576,0.9367000000000605,1393
27,51.92178504284357,41.42359708317554,65.68644141673576,0.9360600000000634,1457
28,40.04533606953919,41.376070841326005,65.68644141673576,0.9355700000000656,1506
29,44.22605061659124,41.47107016716818,65.68644141673576,0.935040000000068,1559
30,55.42708168234094,41.92126408701247,65.68644141673576,0.934400000000071,1623
31,34.12475622992497,41.67762321647848,65.68644141673576,0.933940000000073,1669
32,34.46555244211595,41.45907561725537,65.68644141673576,0.933510000000075,1712
33,33.416027621307876,41.222515382080445,65.68644141673576,0.933080000000077,1755
34,50.12807492291904,41.476959940390124,65.68644141673576,0.9324700000000797,1816
35,47.81922939191281,41.65313409182131,65.68644141673576,0.9317900000000828,1884
36,57.26594186251168,42.07510186940753,65.68644141673576,0.9310700000000861,1956
37,37.759454115177505,41.96153219166464,65.68644141673576,0.9306000000000882,2003
38,53.23938716028351,42.250707960090764,65.68644141673576,0.9298400000000917,2079
39,41.273402707636706,42.22627532877941,65.68644141673576,0.9293100000000941,2132
40,31.019417740368226,41.95293733881816,65.68644141673576,0.928890000000096,2174
41,45.68663587694755,42.04183492305934,65.68644141673576,0.9283400000000985,2229
42,44.82934116036631,42.106660649508335,65.68644141673576,0.9276700000001016,2296
43,52.7238856281474,42.34796121720468,65.68644141673576,0.9269500000001049,2368
44,40.19987307050906,42.30022592505589,65.68644141673576,0.926470000000107,2416
45,31.694899383670418,42.06967534806925,65.68644141673576,0.926050000000109,2458
46,32.60735992246191,41.86834948794994,65.68644141673576,0.925600000000111,2503
47,36.48093787654216,41.75611174604561,65.68644141673576,0.9251300000001131,2550
48,38.15421510694432,41.68260365137008,65.68644141673576,0.9246700000001152,2596
49,33.58176424840349,41.52058686331075,65.68644141673576,0.9241900000001174,2644
50,32.08718554858933,41.335618210080916,65.68644141673576,0.9237400000001195,2689
51,48.8674947496329,41.48046198968768,65.68644141673576,0.9231500000001222,2748
52,31.574735698959557,41.29356149363621,65.68644141673576,0.922750000000124,2788
53,32.62605844657082,41.133052177949814,65.68644141673576,0.922310000000126,2832
54,47.16552594521636,41.24273351917284,65.68644141673576,0.9217500000001285,2888
55,36.58748613775242,41.159604101647474,65.68644141673576,0.9212900000001306,2934
56,40.210408061539056,41.14295153954031,65.68644141673576,0.9207400000001331,2989
57,31.398654890017497,40.97494642489337,65.68644141673576,0.9203400000001349,3029
58,48.41524735011626,41.101053220236125,65.68644141673576,0.9197700000001375,3086
59,42.7876021960692,41.129162369833345,65.68644141673576,0.91923000000014,3140
60,39.29453661420848,41.09908653777392,65.68644141673576,0.9187500000001422,3188
61,40.2969053297129,41.08614813119229,65.68644141673576,0.9182200000001446,3241
62,29.897122033013147,40.90854454233231,65.68644141673576,0.9178100000001465,3282
63,46.87441914966621,41.0017613330719,65.68644141673576,0.9171800000001493,3345
64,38.46099020569818,40.96267254649692,65.68644141673576,0.9167200000001514,3391
65,47.58339685501414,41.06298655117142,65.68644141673576,0.916150000000154,3448
66,43.853900309681194,41.10464198040291,65.68644141673576,0.9156300000001564,3500
67,43.9639699064719,41.14669092049216,65.68644141673576,0.9151000000001588,3553
68,44.68030094043934,41.19790265991168,65.68644141673576,0.9145900000001611,3604
69,51.02268730994547,41.33825672634074,65.68644141673576,0.9139200000001642,3671
70,54.43210098697455,41.522677068039805,65.68644141673576,0.9132200000001673,3741
71,52.90187936898474,41.680721544441816,65.68644141673576,0.9125900000001702,3804
72,39.21644816222761,41.646964374822446,65.68644141673576,0.9121100000001724,3852
73,44.465563353596735,41.685053550211286,65.68644141673576,0.9115800000001748,3905
74,35.36364411003888,41.60076809100899,65.68644141673576,0.9111300000001769,3950
75,36.895759962761076,41.53886008932152,65.68644141673576,0.910660000000179,3997
76,51.84266006396501,41.672675673407795,65.68644141673576,0.9099700000001821,4066
77,28.175254879970453,41.49963181708168,65.68644141673576,0.9096000000001838,4103
78,53.16222422308056,41.647259569056345,65.68644141673576,0.9089600000001867,4167
79,34.654094718251145,41.55984500842128,65.68644141673576,0.9084800000001889,4215
80,38.82848694533459,41.52612453850663,65.68644141673576,0.907810000000192,4282
81,44.173414029086416,41.558408556684434,65.68644141673576,0.9072700000001944,4336
82,41.21109066874487,41.55422400381769,65.68644141673576,0.9067800000001967,4385
83,54.53334465001535,41.708737344843854,65.68644141673576,0.9061200000001997,4451
84,41.857861230111666,41.71049174349406,65.68644141673576,0.905610000000202,4502
85,48.97540003982431,41.794967421358365,65.68644141673576,0.9050100000002047,4562
86,33.47758414343116,41.69936531471553,65.68644141673576,0.9045500000002068,4608
87,41.64669495797716,41.69876678793441,65.68644141673576,0.9040200000002092,4661
88,30.46358077201876,41.57252874281176,65.68644141673576,0.903630000000211,4700
89,40.59782964155602,41.56169875279781,65.68644141673576,0.9029400000002141,4769
90,53.02361406839918,41.68765386615606,65.68644141673576,0.9022700000002172,4836
91,45.07830865946016,41.72450880956154,65.68644141673576,0.9017200000002197,4891
92,51.064111854473595,41.824934648754144,65.68644141673576,0.9010500000002227,4958
93,27.225191952556088,41.669618237092465,65.68644141673576,0.9006800000002244,4995
94,48.42245655762963,41.7407007457297,65.68644141673576,0.9000400000002273,5059
95,49.600778537322185,41.822576556058785,65.68644141673576,0.8994300000002301,5120
96,48.719886081293225,41.89368283982409,65.68644141673576,0.898790000000233,5184
97,31.324140734999673,41.7858303693667,65.68644141673576,0.8983700000002349,5226
98,55.82688278562273,41.92765918165211,65.68644141673576,0.8975900000002385,5304
99,40.64128027897095,41.9147953926253,65.68644141673576,0.8970100000002411,5362
100,41.46079429300153,42.23780517412895,65.68644141673576,0.8965200000002433,5411
101,42.99493979496765,42.19013693235691,65.68644141673576,0.8959800000002458,5465
102,39.4022451445926,42.30749115481601,65.68644141673576,0.8954700000002481,5516
103,37.05392696641502,42.25946132484016,65.68644141673576,0.8949600000002504,5567
104,74.2263552400691,42.5724332846739,74.2263552400691,0.8941300000002542,5650
105,45.20123627818248,42.36758123328836,74.2263552400691,0.8936000000002566,5703
106,44.289640751841944,42.348621509475485,74.2263552400691,0.8929800000002595,5765
107,46.610559472523164,42.36737915679507,74.2263552400691,0.8924000000002621,5823
108,38.196209066867596,42.39445589611147,74.2263552400691,0.8918600000002646,5877
109,39.717592505621724,42.3546869219958,74.2263552400691,0.8913800000002667,5925
110,57.43478199382662,42.45650737500246,74.2263552400691,0.89067000000027,5996
111,34.139238312112866,42.366825818617706,74.2263552400691,0.890220000000272,6041
112,34.595899672814994,42.364368116601746,74.2263552400691,0.889790000000274,6084
113,48.42811524332501,42.508955546828126,74.2263552400691,0.8892300000002765,6140
114,37.53949816993554,42.60377628450829,74.2263552400691,0.8887600000002787,6187
115,59.32438674173318,42.85260369129939,74.2263552400691,0.8880000000002821,6263
116,39.775220475276,42.85820292273269,74.2263552400691,0.8874800000002845,6315
117,38.30545009447087,42.69438113681781,74.2263552400691,0.8870100000002866,6362
118,36.62082388973795,42.72432690580312,74.2263552400691,0.8865500000002887,6408
119,50.57258894606275,42.714636298506505,74.2263552400691,0.8859600000002914,6467
120,36.82196179885068,42.782293532382006,74.2263552400691,0.8854800000002936,6515
121,50.767299472601735,42.85148148874678,74.2263552400691,0.8848900000002963,6574
122,36.5171535070549,42.78821499943222,74.2263552400691,0.8844400000002983,6619
123,34.44798168144189,42.67942482712196,74.2263552400691,0.8839900000003004,6664
124,29.963421759446646,42.58145154044878,74.2263552400691,0.8835800000003022,6705
125,48.33477766875876,42.55930869707068,74.2263552400691,0.8829900000003049,6764
126,53.909766574885,42.60192471492877,74.2263552400691,0.8823500000003078,6828
127,34.52693978804746,42.42797626238081,74.2263552400691,0.8819200000003098,6871
128,54.80824092710827,42.5756053109565,74.2263552400691,0.8812500000003128,6938
129,42.5750975261617,42.5590957800522,74.2263552400691,0.8807200000003153,6991
130,47.65419185301289,42.48136688175892,74.2263552400691,0.880120000000318,7051
131,36.886350044387655,42.50898281990355,74.2263552400691,0.87967000000032,7096
132,55.83661558813765,42.72269345136377,74.2263552400691,0.8787800000003241,7185
133,39.93481064759544,42.78788128162664,74.2263552400691,0.8783100000003262,7232
134,49.079975288856076,42.777400285286014,74.2263552400691,0.8776500000003292,7298
135,38.847573018516414,42.68768372155205,74.2263552400691,0.8771000000003317,7353
136,53.19367071444867,42.646961010071415,74.2263552400691,0.8764900000003345,7414
137,52.03642201126786,42.789730689032325,74.2263552400691,0.8758500000003374,7478
138,30.193118526716717,42.559268002696655,74.2263552400691,0.8754100000003394,7522
139,60.90327709648409,42.755566746585124,74.2263552400691,0.8747000000003426,7593
140,41.11195648856665,42.85649213406711,74.2263552400691,0.8740100000003458,7662
141,54.90559919519001,42.94868176724954,74.2263552400691,0.8733400000003488,7729
142,37.49649739544839,42.87535332960036,74.2263552400691,0.872870000000351,7776
143,56.53591481249896,42.91347362144387,74.2263552400691,0.8721600000003542,7847
144,65.56050913760555,43.167079982114835,74.2263552400691,0.8713900000003577,7924
145,49.23087186511839,43.34243970692932,74.2263552400691,0.8707400000003607,7989
146,53.30996183172101,43.54946572602191,74.2263552400691,0.8701000000003636,8053
147,41.37245290065766,43.598380876263064,74.2263552400691,0.8695500000003661,8108
148,54.48443948381464,43.76168312003177,74.2263552400691,0.8688500000003693,8178
149,39.61912579808268,43.822056735528555,74.2263552400691,0.8683600000003715,8227
150,38.0089523998613,43.88127440404128,74.2263552400691,0.8679000000003736,8273
151,27.892367384425597,43.671523130389204,74.2263552400691,0.8675100000003754,8312
152,30.269162665252225,43.65846740005213,74.2263552400691,0.8670800000003773,8355
153,40.29860643216216,43.73519287990805,74.2263552400691,0.8666000000003795,8403
154,47.17690949016833,43.73530671535757,74.2263552400691,0.8660300000003821,8460
155,35.988408436784084,43.72931593834788,74.2263552400691,0.8655800000003842,8505
156,61.31707062313217,43.940382563963816,74.2263552400691,0.8647600000003879,8587
157,43.8564113463508,44.06496012852715,74.2263552400691,0.8642100000003904,8642
158,46.431500499893446,44.045122660024916,74.2263552400691,0.863630000000393,8700
159,49.19863649579929,44.10923300302222,74.2263552400691,0.8630400000003957,8759
160,38.581295016629156,44.10210058704642,74.2263552400691,0.862530000000398,8810
161,35.18192302680109,44.05095076401731,74.2263552400691,0.8621100000004,8852
162,60.213108288211515,44.35411062656929,74.2263552400691,0.8613800000004033,8925
163,50.78348826918375,44.39320131776447,74.2263552400691,0.8608000000004059,8983
164,37.11652821925236,44.379756697900014,74.2263552400691,0.8602500000004084,9038
165,51.16191429295577,44.41554187227943,74.2263552400691,0.8596600000004111,9097
166,56.353258212777064,44.54053545131039,74.2263552400691,0.8589800000004142,9165
167,38.24453047859424,44.48334105703161,74.2263552400691,0.8585100000004163,9212
168,54.578573870807304,44.582323786335294,74.2263552400691,0.8578000000004196,9283
169,30.449200451927027,44.37658891775511,74.2263552400691,0.8574100000004213,9322
170,65.53011327865534,44.48756904067191,74.2263552400691,0.8564800000004256,9415
171,37.270309731859015,44.331253344300656,74.2263552400691,0.8559800000004278,9465
172,53.36760601581773,44.47276492283656,74.2263552400691,0.8552500000004312,9538
173,50.55684389968519,44.53367772829744,74.2263552400691,0.8545300000004344,9610
174,45.6474292617786,44.636515579814834,74.2263552400691,0.8540100000004368,9662
175,31.98387985215595,44.587396778708786,74.2263552400691,0.8535800000004388,9705
176,39.09733904193854,44.45994356848853,74.2263552400691,0.8530500000004412,9758
177,34.94424485359923,44.52763346822481,74.2263552400691,0.8525900000004433,9804
178,44.43903384974692,44.44040156449147,74.2263552400691,0.8520200000004459,9861
179,50.01160912134219,44.59397670852238,74.2263552400691,0.8514500000004485,9918
180,44.09360279235989,44.64662786699264,74.2263552400691,0.8508700000004511,9976
181,51.30468739615753,44.717940600663354,74.2263552400691,0.8500000000004551,10063
182,25.48219269036781,44.56065162087957,74.2263552400691,0.8496500000004567,10098
183,41.8530042496277,44.4338482168757,74.2263552400691,0.8490700000004593,10156
184,34.708906113461126,44.362358665709195,74.2263552400691,0.8486200000004613,10201
185,49.941176927502966,44.37201643458599,74.2263552400691,0.8479600000004643,10267
186,62.0147580296034,44.6573881734477,74.2263552400691,0.8471200000004682,10351
187,50.93221823731437,44.75024340624108,74.2263552400691,0.8465200000004709,10411
188,42.291688837110996,44.868524486892,74.2263552400691,0.8460100000004732,10462
189,34.37292321125278,44.80627542258897,74.2263552400691,0.8455800000004752,10505
190,31.505840393685503,44.591097685841824,74.2263552400691,0.8451100000004773,10552
191,38.46021968872037,44.52491679613444,74.2263552400691,0.8446300000004795,10600
192,25.675460956874304,44.271030287158446,74.2263552400691,0.8442700000004811,10636
193,34.71049952562316,44.34588336288911,74.2263552400691,0.8438300000004831,10680
194,74.38809061504435,44.60553970346326,74.38809061504435,0.8428200000004877,10781
195,41.3533384182665,44.5230653022727,74.38809061504435,0.8423100000004901,10832
196,52.490863426355645,44.56077507572332,74.38809061504435,0.8415500000004935,10908
197,39.7332711344352,44.644866379717676,74.38809061504435,0.8410800000004957,10955
198,48.28252959216479,44.5694228477831,74.38809061504435,0.8405200000004982,11011
199,37.86481152716442,44.54165816026503,74.38809061504435,0.8400400000005004,11059
200,36.87635512102861,44.495813768545304,74.38809061504435,0.8395400000005027,11109
201,53.80366742418846,44.603901044837514,74.38809061504435,0.8389000000005056,11173
202,27.497242543511675,44.4848510188267,74.38809061504435,0.8385400000005072,11209
203,29.383309267432196,44.40814484183687,74.38809061504435,0.838140000000509,11249
204,36.17891566761682,44.02767044611235,74.38809061504435,0.8376200000005114,11301
205,32.54740512500575,43.901132134580585,74.38809061504435,0.8371600000005135,11347
206,39.121875073909905,43.84945447780127,74.38809061504435,0.8366500000005158,11398
207,41.92295727115925,43.802578455787625,74.38809061504435,0.8361500000005181,11448
208,38.94359802795225,43.810052345398475,74.38809061504435,0.8356600000005203,11497
209,32.85041844014631,43.74138060474372,74.38809061504435,0.8352000000005224,11543
210,56.41687685555371,43.73120155336099,74.38809061504435,0.8345100000005256,11612
211,40.976385895774,43.7995730291976,74.38809061504435,0.8338800000005284,11675
212,33.21119602781255,43.78572599274757,74.38809061504435,0.8334000000005306,11723
213,45.337525999961144,43.754820100313935,74.38809061504435,0.8328500000005331,11778
214,28.086127134767594,43.66028638996226,74.38809061504435,0.8324900000005347,11814
215,34.75230851300876,43.414565607675016,74.38809061504435,0.8320500000005367,11858
216,32.3941623204737,43.34075502612699,74.38809061504435,0.8316200000005387,11901
217,55.300114504701924,43.5107016702293,74.38809061504435,0.8309700000005417,11966
218,47.67236064726603,43.621217037804584,74.38809061504435,0.8303800000005443,12025
219,31.912164867069805,43.43461279701465,74.38809061504435,0.8299900000005461,12064
220,44.13134143932257,43.50770659341937,74.38809061504435,0.8294000000005488,12123
221,59.97969820612343,43.599830580754585,74.38809061504435,0.8286200000005524,12201
222,44.81544398600818,43.68281348554412,74.38809061504435,0.8280800000005548,12255
223,28.6233993107453,43.624567661837155,74.38809061504435,0.8276800000005566,12295
224,49.99060077909962,43.824839452033686,74.38809061504435,0.8269900000005598,12364
225,59.076168442494236,43.93225335977104,74.38809061504435,0.8262200000005633,12441
226,53.21050753221061,43.9252607693443,74.38809061504435,0.8255600000005663,12507
227,67.09492463924107,44.25094061785623,74.38809061504435,0.8248000000005697,12583
228,45.20520699210465,44.15491027850619,74.38809061504435,0.8241100000005729,12652
229,65.62486996783991,44.38540800292298,74.38809061504435,0.8233400000005764,12729
230,30.974499955067586,44.21861108394352,74.38809061504435,0.8229000000005784,12773
231,50.66918560102931,44.35643943950994,74.38809061504435,0.8222900000005812,12834
232,45.41576546961733,44.252230938324736,74.38809061504435,0.8217500000005836,12888
233,38.1848076301103,44.234730908149885,74.38809061504435,0.8212900000005857,12934
234,42.4623255058832,44.168554410320155,74.38809061504435,0.820780000000588,12985
235,38.21742879564408,44.16225296809144,74.38809061504435,0.8203100000005902,13032
236,42.033798779331846,44.050654248740265,74.38809061504435,0.8197800000005926,13085
237,49.960024653715664,44.029890275164746,74.38809061504435,0.8191200000005956,13151
238,37.47819511272246,44.1027410410248,74.38809061504435,0.8186500000005977,13198
239,43.79271538404282,43.93163542390039,74.38809061504435,0.8179600000006009,13267
240,63.59003544415464,44.15641621345627,74.38809061504435,0.8171800000006044,13345
241,52.541343694882016,44.13277365845319,74.38809061504435,0.8165400000006073,13409
242,29.03735426836647,44.048182227182366,74.38809061504435,0.8161300000006092,13450
243,52.21111046138685,44.004934183671246,74.38809061504435,0.8154600000006123,13517
244,37.60452303374768,43.72537432263267,74.38809061504435,0.8149400000006146,13569
245,52.27486456785118,43.75581424966,74.38809061504435,0.8141400000006183,13649
246,49.71860761914286,43.719900707534215,74.38809061504435,0.8135000000006212,13713
247,46.09146200562827,43.76709079858392,74.38809061504435,0.8127400000006246,13789
248,31.51963125608745,43.53744271630665,74.38809061504435,0.8123400000006264,13829
249,40.373337760800496,43.54498483593383,74.38809061504435,0.8118400000006287,13879
250,62.65422728480917,43.79143758478331,74.38809061504435,0.8110900000006321,13954
251,39.1829463649774,43.90434337458883,74.38809061504435,0.8105800000006345,14005
252,47.72591532836668,44.07891090121997,74.38809061504435,0.8099500000006373,14068
253,59.946339043119224,44.27538822732954,74.38809061504435,0.8090600000006414,14157
254,37.692629115232194,44.18054542358017,74.38809061504435,0.8086000000006435,14203
255,52.372469015346724,44.34438602936579,74.38809061504435,0.8079500000006464,14268
256,43.508080059225904,44.166296123726745,74.38809061504435,0.8074200000006488,14321
257,29.93892772389154,44.02712128750215,74.38809061504435,0.8070100000006507,14362
258,26.165706344494538,43.82446334594815,74.38809061504435,0.8066500000006523,14398
259,22.83324485225603,43.560809429512716,74.38809061504435,0.8063300000006538,14430
260,49.70443245070055,43.672040803853434,74.38809061504435,0.8056600000006569,14497
261,57.87304548198881,43.89895202840532,74.38809061504435,0.8048700000006604,14576
262,33.38663593499223,43.63068730487312,74.38809061504435,0.8044200000006625,14621
263,29.093679555575363,43.41378921773704,74.38809061504435,0.8040200000006643,14661
264,35.911021648393216,43.401734152028446,74.38809061504435,0.8035700000006664,14706
265,33.30155818464118,43.2231305909453,74.38809061504435,0.8031700000006682,14746
266,58.876776572244125,43.24836577453998,74.38809061504435,0.8024300000006716,14820
267,35.22891161056759,43.21820958585971,74.38809061504435,0.8019900000006736,14864
268,54.768778512530844,43.22011163227695,74.38809061504435,0.8013100000006766,14932
269,49.30398349525785,43.408659462710254,74.38809061504435,0.8006900000006795,14994
270,56.23062850552378,43.31566461497894,74.38809061504435,0.8000200000006825,15061
271,50.99368059381959,43.452898323598546,74.38809061504435,0.7993500000006856,15128
272,39.84552980904118,43.31767756153078,74.38809061504435,0.7988700000006878,15176
273,32.27933975192718,43.1349025200532,74.38809061504435,0.7984200000006898,15221
274,51.68252678414137,43.19525349527683,74.38809061504435,0.7976000000006935,15303
275,29.280993415799458,43.168224630913265,74.38809061504435,0.7972100000006953,15342
276,34.769585024696426,43.12494709074085,74.38809061504435,0.7967500000006974,15388
277,27.049347944150213,43.045998121646356,74.38809061504435,0.796390000000699,15424
278,56.634101044619456,43.16794879359508,74.38809061504435,0.795730000000702,15490
279,41.12401283209552,43.07907283070261,74.38809061504435,0.7951700000007046,15546
280,31.738679564605263,42.95552359842506,74.38809061504435,0.7947800000007064,15585
281,50.681582820830954,42.94929255267179,74.38809061504435,0.794190000000709,15644
282,59.15784615899247,43.286049087358045,74.38809061504435,0.7933100000007131,15732
283,25.747306576085975,43.12499211062263,74.38809061504435,0.7929500000007147,15768
284,66.02117650257424,43.43811481451375,74.38809061504435,0.7921400000007184,15849
285,33.789248671688256,43.27659553195561,74.38809061504435,0.7917000000007204,15893
286,30.30502770797466,42.95949822873932,74.38809061504435,0.7912900000007222,15934
287,66.31142417746014,43.11329028814078,74.38809061504435,0.7905300000007257,16010
288,53.77497304856661,43.228123130255334,74.38809061504435,0.7899100000007285,16072
289,41.986319836680195,43.30425709650961,74.38809061504435,0.7894000000007309,16123
290,55.97449627094875,43.54894365528224,74.38809061504435,0.7886200000007344,16201
291,44.9546926523617,43.613888384918646,74.38809061504435,0.7880000000007372,16263
292,33.58112565570627,43.692945031906966,74.38809061504435,0.7875700000007392,16306
293,26.488897439434368,43.61072901104508,74.38809061504435,0.7871900000007409,16344
294,56.20867099153111,43.428934814809956,74.38809061504435,0.7864800000007441,16415
295,48.76564052098547,43.50305783583715,74.38809061504435,0.7858100000007472,16482
296,35.5536694630282,43.33368589620387,74.38809061504435,0.7853400000007493,16529
297,30.313610914774472,43.239489294007264,74.38809061504435,0.7849500000007511,16568
298,26.963072726593964,43.026294725351555,74.38809061504435,0.7845900000007527,16604
299,26.366240951674172,42.911309019596644,74.38809061504435,0.7842400000007543,16639
300,35.790931989206,42.900454788278424,74.38809061504435,0.7837800000007564,16685
301,32.60224585060496,42.68844057254259,74.38809061504435,0.7833400000007584,16729
302,71.81048747608168,43.13157302186829,74.38809061504435,0.7823200000007631,16831
303,56.984516573858855,43.40758509493256,74.38809061504435,0.781460000000767,16917
304,68.08338390395511,43.72662977729594,74.38809061504435,0.7806000000007709,17003
305,55.76286117199925,43.95878433776588,74.38809061504435,0.779930000000774,17070
306,49.64702694385778,44.06403585646535,74.38809061504435,0.7793200000007767,17131
307,33.00274618806725,43.974833745634434,74.38809061504435,0.7788700000007788,17176
308,25.851287997240433,43.84391064532731,74.38809061504435,0.7785600000007802,17207
309,33.4286254120816,43.849692715046665,74.38809061504435,0.7781200000007822,17251
310,29.872068625118118,43.58424463274231,74.38809061504435,0.7777000000007841,17293
311,41.68100738244539,43.591290847609024,74.38809061504435,0.7771500000007866,17348
312,53.70878476300277,43.79626673496093,74.38809061504435,0.7764200000007899,17421
313,45.71829474263359,43.80007442238765,74.38809061504435,0.7757900000007928,17484
314,28.79866777017014,43.80719982874168,74.38809061504435,0.7753700000007947,17526
315,66.45889875241846,44.12426573113577,74.38809061504435,0.7744500000007989,17618
316,50.84904810069929,44.30881458893803,74.38809061504435,0.7738100000008018,17682
317,37.039993792139285,44.126213381812406,74.38809061504435,0.7733500000008039,17728
318,32.643068594057695,43.97592046128032,74.38809061504435,0.7729300000008058,17770
319,25.206179790686292,43.908860610516484,74.38809061504435,0.7725600000008075,17807
320,24.56004871975165,43.71314768332078,74.38809061504435,0.7722100000008091,17842
321,35.24112022496411,43.46576190350918,74.38809061504435,0.771780000000811,17885
322,40.88163266587799,43.42642379030788,74.38809061504435,0.7711900000008137,17944
323,30.514536160579155,43.445335158806216,74.38809061504435,0.7707700000008156,17986
324,29.92955014653853,43.244724652480606,74.38809061504435,0.7703600000008175,18027
325,52.75344415422296,43.181497409597895,74.38809061504435,0.7697200000008204,18091
326,31.17344627546845,42.961126797030474,74.38809061504435,0.7693200000008222,18131
327,57.266959912114544,42.86284714975921,74.38809061504435,0.7686200000008254,18201
328,27.573769506940152,42.68653277490756,74.38809061504435,0.7682500000008271,18238
329,53.56996883440297,42.56598376357319,74.38809061504435,0.7675400000008303,18309
330,30.985982429861906,42.56609858832114,74.38809061504435,0.7671100000008323,18352
331,53.032448228994326,42.58973121460079,74.38809061504435,0.7664600000008353,18417
332,50.83458417591464,42.64391940166376,74.38809061504435,0.7657200000008386,18491
333,76.30965754936915,43.02516790085635,76.30965754936915,0.7646600000008434,18597
334,53.0365984592936,43.13091063039045,76.30965754936915,0.7638100000008473,18682
335,31.05343716571224,43.059270714091134,76.30965754936915,0.7633900000008492,18724
336,26.571551225613803,42.90464823855395,76.30965754936915,0.7630400000008508,18759
337,30.842842313664733,42.713476415153444,76.30965754936915,0.7625800000008529,18805
338,54.7868356727995,42.886562820754214,76.30965754936915,0.7618300000008563,18880
339,30.891061349917436,42.75754628041296,76.30965754936915,0.7614200000008582,18921
340,49.020148787720245,42.611847413848615,76.30965754936915,0.7606200000008618,19001
341,37.70102212889469,42.463444198188746,76.30965754936915,0.760150000000864,19048
342,28.728717449397664,42.460357829999055,76.30965754936915,0.7597600000008657,19087
343,51.75372348127712,42.45578396019796,76.30965754936915,0.7590700000008689,19156
344,73.47431695644627,42.81448189942495,76.30965754936915,0.7581300000008732,19250
345,47.151496406499064,42.76324821781142,76.30965754936915,0.7575600000008758,19307
346,45.85082879716356,42.72457042959163,76.30965754936915,0.7567900000008793,19384
347,27.046455688891,42.53412036642426,76.30965754936915,0.7564300000008809,19420
348,39.49618103366811,42.613885864200064,76.30965754936915,0.7558500000008835,19478
349,29.388119426061166,42.50403368085267,76.30965754936915,0.7554700000008853,19516
350,23.74756046710536,42.114967012675635,76.30965754936915,0.7551400000008868,19549
351,57.47004142505466,42.29783796327641,76.30965754936915,0.7544500000008899,19618
352,30.10130772413686,42.12159188723411,76.30965754936915,0.7540600000008917,19657
353,45.465169882023474,41.97678019562315,76.30965754936915,0.7534900000008943,19714
354,27.31803325295914,41.87303423700042,76.30965754936915,0.7531400000008959,19749
355,26.966076186974533,41.6189703087167,76.30965754936915,0.7527900000008975,19784
356,32.09997075449792,41.504889215669415,76.30965754936915,0.7522900000008997,19834
357,55.28924985040794,41.758392436934585,76.30965754936915,0.7513300000009041,19930
358,26.6979422429431,41.76371479591907,76.30965754936915,0.7509500000009058,19968
359,35.11561624566093,41.88653850985312,76.30965754936915,0.7504400000009082,20019
360,31.270297604580264,41.702197161391915,76.30965754936915,0.75003000000091,20060
361,33.77727232709003,41.46123942984293,76.30965754936915,0.7496100000009119,20102
362,34.77565055263403,41.47512957601934,76.30965754936915,0.7491400000009141,20149
363,34.1581228475261,41.52577400893885,76.30965754936915,0.748710000000916,20192
364,25.933318928611698,41.42599698174104,76.30965754936915,0.7483600000009176,20227
365,40.19304788441514,41.494911878738776,76.30965754936915,0.7478100000009201,20282
366,30.98070633041789,41.215951176320516,76.30965754936915,0.747400000000922,20323
367,27.86742241831962,41.142336284398034,76.30965754936915,0.7470300000009237,20360
368,56.28286311135162,41.15747713038624,76.30965754936915,0.7462800000009271,20435
369,24.121907692984678,40.90565637236351,76.30965754936915,0.7459500000009286,20468
370,29.334606772317784,40.63669615503145,76.30965754936915,0.7455500000009304,20508
371,41.78978145919973,40.54465716368525,76.30965754936915,0.7450200000009328,20561
372,76.2779519491014,40.90898138508585,76.30965754936915,0.7438400000009382,20679
373,26.387301203740208,40.85006099960398,76.30965754936915,0.7434900000009398,20714
374,49.243941052176524,40.82567514228433,76.30965754936915,0.7428800000009426,20775
375,26.055978732503718,40.793424995451375,76.30965754936915,0.7425400000009441,20809
376,42.31700022654695,40.86889914746988,76.30965754936915,0.7420400000009464,20859
377,23.645160663319984,40.83485727466158,76.30965754936915,0.7417200000009478,20891
378,27.19142295810161,40.5404304937964,76.30965754936915,0.7413400000009496,20929
379,36.71989500452764,40.49638931552072,76.30965754936915,0.740800000000952,20983
380,33.90153324916173,40.518017852366285,76.30965754936915,0.7403300000009542,21030
381,32.14413398550823,40.33264336401306,76.30965754936915,0.7399000000009561,21073
382,28.2868750540365,40.0239336529635,76.30965754936915,0.7395200000009579,21111
383,50.67406761055463,40.27320126330819,76.30965754936915,0.7387300000009615,21190
384,26.690101364336442,39.87989051192581,76.30965754936915,0.7383700000009631,21226
385,27.191903510793054,39.81391706031686,76.30965754936915,0.7379900000009648,21264
386,47.6364475711016,39.98723125894813,76.30965754936915,0.7372700000009681,21336
387,40.95994977647206,39.733716514938244,76.30965754936915,0.7365900000009712,21404
388,53.12821389452438,39.72724892339782,76.30965754936915,0.7359600000009741,21467
389,78.12350318226527,40.08862075685367,78.12350318226527,0.7349700000009786,21566
390,33.20278621604666,39.86090365630466,78.12350318226527,0.7345300000009806,21610
391,31.48243238586292,39.726181053639664,78.12350318226527,0.7341100000009825,21652
392,32.52830067605828,39.715652803843184,78.12350318226527,0.7336800000009844,21695
393,34.613265358726494,39.79689648303611,78.12350318226527,0.7332300000009865,21740
394,45.445569100411376,39.68926546412491,78.12350318226527,0.7327000000009889,21793
395,46.13146685427637,39.662923727457816,78.12350318226527,0.7319400000009924,21869
396,24.599102134234272,39.55337805416988,78.12350318226527,0.7316000000009939,21903
397,69.05708336201496,39.94081277864228,78.12350318226527,0.7307300000009979,21990
398,51.49791479570558,40.1861611993334,78.12350318226527,0.7300800000010008,22055
399,35.19707542192191,40.27446954403588,78.12350318226527,0.7296400000010028,22099
400,31.86674127622973,40.23522763690612,78.12350318226527,0.7291100000010052,22152
401,25.777504182682605,40.16698022022689,78.12350318226527,0.7287600000010068,22187
402,31.475579780410044,39.763631143270175,78.12350318226527,0.7283400000010087,22229
403,32.08963814229355,39.51468235895452,78.12350318226527,0.7279100000010107,22272
404,26.816202503587192,39.10201054495084,78.12350318226527,0.7275600000010123,22307
405,27.109630716091488,38.81547824039177,78.12350318226527,0.727190000001014,22344
406,27.21726535979542,38.59118062455114,78.12350318226527,0.7268300000010156,22380
407,34.083678935145144,38.601989952021924,78.12350318226527,0.7264000000010176,22423
408,27.56343459559139,38.61911141800543,78.12350318226527,0.7260100000010193,22462
409,28.036693112793728,38.565192095012556,78.12350318226527,0.7256600000010209,22497
410,34.13464869497693,38.60781789571114,78.12350318226527,0.7252400000010228,22539
411,27.38853669402306,38.46489318882692,78.12350318226527,0.7248700000010245,22576
412,36.90378829918336,38.29684322418873,78.12350318226527,0.7243400000010269,22629
413,26.51433637176524,38.10480364048004,78.12350318226527,0.7239900000010285,22664
414,49.44573807578854,38.311274343536226,78.12350318226527,0.7231800000010322,22745
415,49.739894503494725,38.14408430104699,78.12350318226527,0.7224600000010355,22817
416,41.32547353160771,38.048848555356074,78.12350318226527,0.7219600000010378,22867
417,31.056775977081998,37.9890163772055,78.12350318226527,0.7215600000010396,22907
418,53.278747460310115,38.19537316586802,78.12350318226527,0.7209100000010426,22972
419,36.473984416079475,38.30805121212195,78.12350318226527,0.7204200000010448,23021
420,37.76593929356022,38.44011011786004,78.12350318226527,0.7198200000010475,23081
421,23.848487862516777,38.32618379423557,78.12350318226527,0.719500000001049,23113
422,28.57032334606629,38.20307070103745,78.12350318226527,0.7191000000010508,23153
423,26.69809713147697,38.16490631074643,78.12350318226527,0.7187400000010524,23189
424,32.11209750818671,38.18673178436291,78.12350318226527,0.7183300000010543,23230
425,57.397730303084245,38.23317464585152,78.12350318226527,0.7174900000010581,23314
426,32.12896347386413,38.24272981783548,78.12350318226527,0.7171000000010599,23353
427,39.878433944533754,38.06884455815967,78.12350318226527,0.7165600000010623,23407
428,26.648373808595352,38.059590601176225,78.12350318226527,0.716200000001064,23443
429,25.802688127791043,37.78191779411011,78.12350318226527,0.7158600000010655,23477
430,23.705987912981072,37.7091178489413,78.12350318226527,0.7155200000010671,23511
431,27.41996889244183,37.452993055575774,78.12350318226527,0.7151400000010688,23549
432,25.358217597240582,37.19822938978903,78.12350318226527,0.7147900000010704,23584
433,28.67693226965639,36.7219021369919,78.12350318226527,0.7143400000010725,23629
434,26.82641673668377,36.459800319765804,78.12350318226527,0.713990000001074,23664
435,29.35131816501962,36.442779129758875,78.12350318226527,0.7135900000010759,23704
436,36.14571089254969,36.53852072642824,78.12350318226527,0.713110000001078,23752
437,35.88731865426962,36.58896548983429,78.12350318226527,0.7126200000010803,23801
438,40.992877760509145,36.45102591071138,78.12350318226527,0.7120700000010828,23856
439,27.38312026998028,36.41594649991201,78.12350318226527,0.7117000000010845,23893
440,45.79681370603066,36.383713149095115,78.12350318226527,0.7109400000010879,23969
441,26.24547396521666,36.26915766745834,78.12350318226527,0.7105800000010896,24005
442,64.80795452054736,36.62995003816983,78.12350318226527,0.7096900000010936,24094
443,24.285079399705864,36.35526359735412,78.12350318226527,0.7093700000010951,24126
444,37.22576574853156,35.99277808527497,78.12350318226527,0.7087800000010978,24185
445,47.44187794212485,35.99568190063123,78.12350318226527,0.7082300000011003,24240
446,52.86630470390082,36.065836659698604,78.12350318226527,0.7075900000011032,24304
447,32.13159850508964,36.11668808786059,78.12350318226527,0.7071500000011052,24348
448,47.57222783827456,36.197448555906654,78.12350318226527,0.7065700000011078,24406
449,54.07495810397086,36.44431694268575,78.12350318226527,0.7059000000011109,24473
450,36.47358796582557,36.57157721767295,78.12350318226527,0.705420000001113,24521
451,39.51086128343013,36.39198541625671,78.12350318226527,0.7049400000011152,24569
452,66.20750349876471,36.75304737400299,78.12350318226527,0.704100000001119,24653
453,62.558877415780444,36.92398444934056,78.12350318226527,0.703240000001123,24739
454,51.99435075488873,37.17074762435985,78.12350318226527,0.7026300000011257,24800
455,49.236757460428635,37.39345443709439,78.12350318226527,0.7019000000011291,24873
456,57.950665905437745,37.65196138860379,78.12350318226527,0.7009900000011332,24964
457,37.95594395734952,37.47862832967321,78.12350318226527,0.7004800000011355,25015
458,30.34122107026633,37.51506111794644,78.12350318226527,0.7000800000011373,25055
459,29.79157888086047,37.461820744298436,78.12350318226527,0.6996500000011393,25098
460,27.027641154360026,37.41939417979623,78.12350318226527,0.6993000000011409,25133
461,29.301814799575368,37.374639604521086,78.12350318226527,0.6989000000011427,25173
462,33.022441896027885,37.35710751795502,78.12350318226527,0.6984800000011446,25215
463,30.440188851905987,37.319928177998825,78.12350318226527,0.6980800000011465,25255
464,23.860868008690886,37.29920366879961,78.12350318226527,0.697740000001148,25289
465,31.13776297068398,37.2086508196623,78.12350318226527,0.6973300000011499,25330
466,32.982094973209314,37.228664706090214,78.12350318226527,0.696850000001152,25378
467,56.585676682272606,37.51584724872975,78.12350318226527,0.6961500000011552,25448
468,43.96213898455608,37.39264000746179,78.12350318226527,0.6955700000011579,25506
469,26.026332881650887,37.411684259348455,78.12350318226527,0.6952000000011596,25543
470,27.05818046926288,37.3889199963179,78.12350318226527,0.6948500000011611,25578
471,30.570153235428734,37.27672371408019,78.12350318226527,0.6943800000011633,25625
472,25.056225802447443,36.76450645261365,78.12350318226527,0.6940400000011648,25659
473,36.646440921816975,36.86709784979442,78.12350318226527,0.6935800000011669,25705
474,37.120938905987714,36.745867828332536,78.12350318226527,0.6930800000011692,25755
475,34.16559001643327,36.82696394117183,78.12350318226527,0.6926100000011713,25802
476,31.032844208850292,36.714122380994866,78.12350318226527,0.6922000000011732,25843
477,30.83633728811401,36.7860341472428,78.12350318226527,0.6917600000011752,25887
478,34.618519994430244,36.86030511760609,78.12350318226527,0.6912900000011774,25934
479,23.946106777177192,36.73256723533259,78.12350318226527,0.6909600000011789,25967
480,33.368998365767766,36.727241886498646,78.12350318226527,0.6905200000011809,26011
481,38.447341009712545,36.79027395674069,78.12350318226527,0.690050000001183,26058
482,31.03741041829926,36.817779310383315,78.12350318226527,0.689610000001185,26102
483,25.46304807800334,36.5656691150578,78.12350318226527,0.6892600000011866,26137
484,25.66825137512933,36.55545061516573,78.12350318226527,0.6889300000011881,26170
485,26.176050732494332,36.54529208738275,78.12350318226527,0.6885800000011897,26205
486,29.092176628590096,36.35984937795763,78.12350318226527,0.6881900000011915,26244
487,27.362106154527282,36.223870941738184,78.12350318226527,0.687840000001193,26279
488,25.13753441517474,35.94396414694469,78.12350318226527,0.6874900000011946,26314
489,24.817442822470184,35.410903543346734,78.12350318226527,0.6871300000011963,26350
490,24.085109895444475,35.31972678014071,78.12350318226527,0.6868000000011978,26383
491,37.65585312623443,35.38146098754443,78.12350318226527,0.6863300000011999,26430
492,25.08474587640376,35.307025439547886,78.12350318226527,0.6859900000012015,26464
493,48.883712916531294,35.44972991512593,78.12350318226527,0.6852500000012048,26538
494,28.18564438971225,35.27713066801894,78.12350318226527,0.6848600000012066,26577
495,27.14000775234308,35.08721607699961,78.12350318226527,0.6844900000012083,26614
496,29.597460361314006,35.13719965927041,78.12350318226527,0.6840800000012102,26655
497,43.57883242156822,34.88241714986594,78.12350318226527,0.6834900000012128,26714
498,31.216537379335932,34.67960337570224,78.12350318226527,0.6831000000012146,26753
499,32.76357331604231,34.65526835464345,78.12350318226527,0.6826800000012165,26795
500,43.93230200823746,34.77592396196352,78.12350318226527,0.6818900000012201,26874
501,24.517504859977635,34.76332396873647,78.12350318226527,0.6815600000012216,26907
502,25.771398557699285,34.70628215650937,78.12350318226527,0.6812100000012232,26942
503,34.638639477911056,34.731772169865536,78.12350318226527,0.6807700000012252,26986
504,26.315502213023137,34.7267651669599,78.12350318226527,0.6804200000012268,27021
505,26.717347803289158,34.72284233783188,78.12350318226527,0.6800300000012286,27060
506,50.36283950918005,34.954298079325724,78.12350318226527,0.6792600000012321,27137
507,31.62112980056554,34.92967258797992,78.12350318226527,0.678850000001234,27178
508,31.230103634443367,34.966339278368444,78.12350318226527,0.6784600000012357,27217
509,42.77095996108255,35.11368194685134,78.12350318226527,0.6778200000012387,27281
510,56.79688869597885,35.34030434686135,78.12350318226527,0.6771600000012417,27347
511,45.319643823080696,35.51961541815193,78.12350318226527,0.6766000000012442,27403
512,54.86864166178566,35.69926395177795,78.12350318226527,0.6758900000012474,27474
513,43.60932291901554,35.87021381725046,78.12350318226527,0.67533000000125,27530
514,58.766626053955406,35.96342269703212,78.12350318226527,0.6745700000012534,27606
515,27.25959608532139,35.738619712850394,78.12350318226527,0.6741900000012552,27644
516,28.030133077088976,35.6056663083052,78.12350318226527,0.673800000001257,27683
517,40.30133154380019,35.698111863972386,78.12350318226527,0.6732700000012594,27736
518,32.720424993516644,35.49252863930445,78.12350318226527,0.6728500000012613,27778
519,25.725852189556463,35.38504731703922,78.12350318226527,0.6724900000012629,27814
520,32.27737167600833,35.3301616408637,78.12350318226527,0.6720600000012649,27857
521,31.69229844745132,35.40859974671305,78.12350318226527,0.671600000001267,27903
522,33.81986100564245,35.46109512330881,78.12350318226527,0.671150000001269,27948
523,57.60926173813641,35.770206769375406,78.12350318226527,0.6702900000012729,28034
524,56.137124979140935,36.010457044084944,78.12350318226527,0.6696300000012759,28100
525,46.39583431991923,35.900438084253295,78.12350318226527,0.6689700000012789,28166
526,46.55822719287244,36.04473072144338,78.12350318226527,0.6683900000012816,28224
527,28.60759940929711,35.93202237609101,78.12350318226527,0.6680200000012833,28261
528,35.46649878937751,36.02020362589884,78.12350318226527,0.6675800000012853,28305
529,28.81847972284595,36.050361541849384,78.12350318226527,0.6672100000012869,28342
530,39.19824479307863,36.20528411065036,78.12350318226527,0.6666600000012894,28397
531,28.924364002261427,36.22032806174855,78.12350318226527,0.6662300000012914,28440
532,28.586063259732327,36.252606518373476,78.12350318226527,0.665870000001293,28476
533,44.97188576955523,36.41555605337246,78.12350318226527,0.6653000000012956,28533
534,34.29782102323952,36.49027009623802,78.12350318226527,0.6648700000012976,28576
535,38.37333243098692,36.58049023889769,78.12350318226527,0.6644200000012996,28621
536,46.402691805764334,36.68306004802984,78.12350318226527,0.6636600000013031,28697
537,31.32906885657576,36.6374775500529,78.12350318226527,0.663250000001305,28738
538,38.11566100647906,36.608705382512596,78.12350318226527,0.6627700000013071,28786
539,59.30333691899432,36.92790754900274,78.12350318226527,0.6620600000013104,28857
540,50.95204292116978,36.97945984115413,78.12350318226527,0.6614300000013132,28920
541,27.25196117154701,36.989524713217435,78.12350318226527,0.6610800000013148,28955
542,39.59873888189031,36.73743255683086,78.12350318226527,0.660610000001317,29002
543,27.136510788011947,36.765946870713925,78.12350318226527,0.6602500000013186,29038
544,50.973448205404566,36.903423695282655,78.12350318226527,0.6593600000013227,29127
545,57.80474697940372,37.00705238565544,78.12350318226527,0.6586600000013259,29197
546,28.40269045937748,36.76241624321021,78.12350318226527,0.6582800000013276,29235
547,50.38818604529661,36.94498211861228,78.12350318226527,0.6575100000013311,29312
548,45.24763736737077,36.921736213903245,78.12350318226527,0.6569800000013335,29365
549,68.03908108576434,37.06137744372118,78.12350318226527,0.6561500000013373,29448
550,52.354767449127394,37.22018923855419,78.12350318226527,0.6554600000013404,29517
551,57.19562385088648,37.39703686422876,78.12350318226527,0.6547900000013435,29584
552,57.16607573212241,37.306622586562334,78.12350318226527,0.6540900000013466,29654
553,43.12068583155633,37.11224067072009,78.12350318226527,0.6534800000013494,29715
554,53.923330736142816,37.13153047053263,78.12350318226527,0.6528300000013524,29780
555,45.860286194249056,37.09776575787084,78.12350318226527,0.6521500000013555,29848
556,29.58118061508867,36.814070904967345,78.12350318226527,0.6517600000013573,29887
557,36.0082303652307,36.79459376904616,78.12350318226527,0.6512900000013594,29934
558,45.0387126718706,36.9415686850622,78.12350318226527,0.650720000001362,29991
559,53.04439473900129,37.17409684364361,78.12350318226527,0.650050000001365,30058
560,45.103526143706404,37.354855693537075,78.12350318226527,0.6495000000013675,30113
561,57.25097004609415,37.634347246002264,78.12350318226527,0.6487900000013708,30184
562,66.93342799553648,37.97345710699735,78.12350318226527,0.6478300000013751,30280
563,24.950872268294916,37.91856394116124,78.12350318226527,0.6475000000013766,30313
564,35.73500892765878,38.03730535035092,78.12350318226527,0.646980000001379,30365
565,30.573488981477567,38.03166261045885,78.12350318226527,0.6465300000013811,30410
566,25.229959128104383,37.9541412520078,78.12350318226527,0.6461800000013826,30445
567,24.99884586443659,37.63827294382944,78.12350318226527,0.6458300000013842,30480
568,33.28383776733244,37.531489931657205,78.12350318226527,0.6453800000013863,30525
569,25.657840041196323,37.52780500325266,78.12350318226527,0.645010000001388,30562
570,48.91575188358911,37.74638071739592,78.12350318226527,0.6444200000013907,30621
571,75.18356784852222,38.19251486352686,78.12350318226527,0.6434400000013951,30719
572,47.944867675425485,38.42140128225664,78.12350318226527,0.6428400000013978,30779
573,54.86730073628132,38.60360988040128,78.12350318226527,0.6420500000014014,30858
574,47.338312049163505,38.70578361183304,78.12350318226527,0.6413600000014046,30927
575,46.919518248323584,38.83332289415194,78.12350318226527,0.6405500000014083,31008
576,23.39880766684655,38.7569825287319,78.12350318226527,0.6401900000014099,31044
577,44.678925656873616,38.8954084124195,78.12350318226527,0.6395600000014128,31107
578,67.47984760529653,39.22402168852816,78.12350318226527,0.6387400000014165,31189
579,29.885381399035396,39.283414434746746,78.12350318226527,0.6383400000014183,31229
580,50.66431956132874,39.456367646702354,78.12350318226527,0.6375900000014217,31304
581,24.406407596106874,39.3159583125663,78.12350318226527,0.6372500000014233,31338
582,33.55170027486747,39.341101211131985,78.12350318226527,0.6367800000014254,31385
583,31.8612564362993,39.40508329471494,78.12350318226527,0.6363800000014272,31425
584,44.37939457723405,39.59219472673599,78.12350318226527,0.6358200000014298,31481
585,38.638296005505254,39.7168171794661,78.12350318226527,0.635340000001432,31529
586,47.72275830991566,39.90312299627935,78.12350318226527,0.6347700000014346,31586
587,45.406560319126584,40.08356753792535,78.12350318226527,0.634230000001437,31640
588,45.24507795320824,40.28464297330568,78.12350318226527,0.6336600000014396,31697
589,26.417599825421348,40.300644543335196,78.12350318226527,0.6332800000014414,31735
590,41.778352127061225,40.47757696565136,78.12350318226527,0.6327400000014438,31789
591,46.26438860382768,40.56366232042729,78.12350318226527,0.6321600000014465,31847
592,30.27442726371737,40.615559134300426,78.12350318226527,0.6317700000014482,31886
593,24.180972535948968,40.3685317304946,78.12350318226527,0.6314500000014497,31918
594,56.82828337184765,40.65495812031596,78.12350318226527,0.6306000000014536,32003
595,45.61530139589922,40.83971105675152,78.12350318226527,0.6299900000014563,32064
596,58.17190877965186,41.1254555409349,78.12350318226527,0.6292500000014597,32138
597,75.66614070825744,41.44632862380179,78.12350318226527,0.6282800000014641,32235
598,51.38043463415124,41.64796759634994,78.12350318226527,0.6276700000014669,32296
599,51.19723236610298,41.83230418685055,78.12350318226527,0.6270100000014699,32362
600,26.07361328616389,41.65371729962982,78.12350318226527,0.6266500000014715,32398
601,45.14862949449889,41.86002854597503,78.12350318226527,0.6260900000014741,32454
602,30.822687832987867,41.91054143872791,78.12350318226527,0.6256500000014761,32498
603,33.56131799003924,41.89976822384919,78.12350318226527,0.6251900000014782,32544
604,60.968090262962505,42.24629410434859,78.12350318226527,0.6244200000014817,32621
605,51.49650494210073,42.494085675736706,78.12350318226527,0.6237600000014847,32687
606,28.454340805648826,42.2750006887014,78.12350318226527,0.6233800000014864,32725
607,46.612427057058085,42.42491366126632,78.12350318226527,0.6227900000014891,32784
608,29.647666354081593,42.4090892884627,78.12350318226527,0.6224100000014908,32822
609,24.80441823988076,42.22942387125068,78.12350318226527,0.6220800000014923,32855
610,43.65083613546449,42.09796334564554,78.12350318226527,0.6215200000014949,32911
611,35.60698045050958,42.00083671191983,78.12350318226527,0.6210700000014969,32956
612,29.459237169619882,41.74674266699817,78.12350318226527,0.6207000000014986,32993
613,29.928308308823034,41.609932520896244,78.12350318226527,0.6202800000015005,33035
614,43.65920928295236,41.458858353186216,78.12350318226527,0.6196900000015032,33094
615,48.73419779531832,41.673604370286185,78.12350318226527,0.6190400000015062,33159
616,45.44996893630014,41.84780272887829,78.12350318226527,0.6183100000015095,33232
617,65.75964399048826,42.102385853345176,78.12350318226527,0.6175100000015131,33312
618,36.416134156956105,42.139342944979575,78.12350318226527,0.6168500000015161,33378
619,27.480539533426054,42.156889818418264,78.12350318226527,0.6164800000015178,33415
620,37.75558479350002,42.21167194959318,78.12350318226527,0.6160200000015199,33461
621,62.21856615541401,42.51693462667281,78.12350318226527,0.6152000000015236,33543
622,59.85017194226384,42.77723773603903,78.12350318226527,0.6145100000015268,33612
623,47.871264336194145,42.6798577620196,78.12350318226527,0.6138200000015299,33681
624,48.134965359531634,42.59983616582351,78.12350318226527,0.6131600000015329,33747
625,49.85292397488956,42.634407062373214,78.12350318226527,0.6125500000015357,33808
626,42.38209165225271,42.59264570696701,78.12350318226527,0.6118500000015389,33878
627,49.75761597199744,42.80414587259402,78.12350318226527,0.6112100000015418,33942
628,47.7565608463774,42.92704649316401,78.12350318226527,0.6106300000015444,34000
629,53.86488531966461,43.1775105491322,78.12350318226527,0.6099900000015474,34064
630,44.90369300509337,43.23456503125235,78.12350318226527,0.60940000000155,34123
631,40.389392530145415,43.34921531653119,78.12350318226527,0.6089100000015523,34172
632,41.28694749169517,43.47622415885082,78.12350318226527,0.6084100000015545,34222
633,56.51635820552474,43.59166888321052,78.12350318226527,0.6075400000015585,34309
634,26.745445413616835,43.516145127114285,78.12350318226527,0.6071700000015602,34346
635,55.292437066324055,43.68533617346766,78.12350318226527,0.6065100000015632,34412
636,26.202094786131056,43.48333020327132,78.12350318226527,0.606100000001565,34453
637,31.765787134878337,43.48769738605435,78.12350318226527,0.605670000001567,34496
638,24.395322872383986,43.3504940047134,78.12350318226527,0.6053400000015685,34529
639,44.072284977930394,43.19818348530276,78.12350318226527,0.6048100000015709,34582
640,29.254738510848256,42.98121044119954,78.12350318226527,0.6044400000015726,34619
641,41.608510201622266,43.124775931500295,78.12350318226527,0.6037600000015757,34687
642,56.576345873836544,43.29455200141976,78.12350318226527,0.6030000000015792,34763
643,26.521282899120706,43.28839972253085,78.12350318226527,0.6026600000015807,34797
644,28.41699729685206,43.062835213445325,78.12350318226527,0.6022700000015825,34836
645,38.50244421529351,42.86981218580422,78.12350318226527,0.6017700000015848,34886
646,47.558832629641984,43.061373607506866,78.12350318226527,0.6012000000015874,34943
647,37.846168805408524,42.93595343510798,78.12350318226527,0.6006800000015897,34995
648,46.67384847480571,42.950215546182335,78.12350318226527,0.5998900000015933,35074
649,32.80785206402652,42.59790325596496,78.12350318226527,0.5994200000015955,35121
650,28.291776256010053,42.357273344033786,78.12350318226527,0.5990300000015972,35160
651,57.60833566634392,42.36140046218836,78.12350318226527,0.5982200000016009,35241
652,25.213488854671596,42.04187459341385,78.12350318226527,0.5978600000016026,35277
653,25.496226295392262,41.865629998052206,78.12350318226527,0.5975000000016042,35313
654,25.804929999489104,41.58444599068567,78.12350318226527,0.597110000001606,35352
655,26.729625228690566,41.39313938103009,78.12350318226527,0.5967500000016076,35388
656,25.821350830228766,41.355541083181485,78.12350318226527,0.5964000000016092,35423
657,43.62761569346185,41.4317349364638,78.12350318226527,0.5957300000016122,35490
658,40.06920025512227,41.38203981229631,78.12350318226527,0.5952200000016146,35541
659,30.73753587398096,41.15897122364611,78.12350318226527,0.5947700000016166,35586
660,29.123966930957977,40.999175631518625,78.12350318226527,0.5943600000016185,35627
661,28.68833663809346,40.71354929743862,78.12350318226527,0.5939800000016202,35665
662,23.81413397489814,40.28235635723224,78.12350318226527,0.5936500000016217,35698
663,27.241840423899703,40.30526603878829,78.12350318226527,0.5932700000016234,35736
664,30.496430755476467,40.252880257066465,78.12350318226527,0.5928300000016254,35780
665,25.344302759622224,40.20058839484791,78.12350318226527,0.592490000001627,35814
666,28.63428064188338,40.2346316099857,78.12350318226527,0.5920900000016288,35854
667,47.21529148443369,40.45679606618567,78.12350318226527,0.5915000000016315,35913
668,92.0352498019638,41.04431018653199,92.0352498019638,0.5902500000016372,36038
669,50.220034259342356,41.289932128713446,92.0352498019638,0.5894800000016407,36115
670,24.606615698314272,41.0468407668607,92.0352498019638,0.5891400000016422,36149
671,44.09147399541689,40.73591982832964,92.0352498019638,0.5886200000016446,36201
672,50.01675645948853,40.75663871617027,92.0352498019638,0.5880400000016472,36259
673,31.671316892374307,40.524678877731205,92.0352498019638,0.5876300000016491,36300
674,49.33825249123038,40.54467828215187,92.0352498019638,0.5868600000016526,36377
675,32.69273663160857,40.40241046598472,92.0352498019638,0.5864100000016547,36422
676,27.92504016548628,40.44767279097112,92.0352498019638,0.5860300000016564,36460
677,40.01138604260632,40.400997394828444,92.0352498019638,0.5855000000016588,36513
678,43.76473885247833,40.16384630730026,92.0352498019638,0.584810000001662,36582
679,31.080791203217814,40.17580040534209,92.0352498019638,0.5843200000016642,36631
680,25.541259021149017,39.92456979994029,92.0352498019638,0.5839800000016657,36665
681,70.89474194590002,40.389453143438224,92.0352498019638,0.5829100000016706,36772
682,37.77383518710849,40.43167449256063,92.0352498019638,0.5824100000016729,36822
683,36.34256406952045,40.47648756889284,92.0352498019638,0.581940000001675,36869
684,30.93092089680431,40.342002832088546,92.0352498019638,0.581510000001677,36912
685,29.34525721425598,40.24907244417605,92.0352498019638,0.5811300000016787,36950
686,24.627522176509956,40.018120082841996,92.0352498019638,0.5807800000016803,36985
687,33.1051475260756,39.895105954911486,92.0352498019638,0.5803300000016823,37030
688,26.53776486267452,39.70803282400615,92.0352498019638,0.5799900000016839,37064
689,28.33008626571973,39.727157688409136,92.0352498019638,0.5796200000016856,37101
690,44.8774675737659,39.75814884287618,92.0352498019638,0.5789200000016888,37171
691,65.51138429398998,39.9506187997778,92.0352498019638,0.5780300000016928,37260
692,25.393379679340796,39.901808323934034,92.0352498019638,0.5776800000016944,37295
693,34.181450506614055,40.001813103640686,92.0352498019638,0.5772600000016963,37337
694,28.380992673322908,39.71734019665544,92.0352498019638,0.5769100000016979,37372
695,26.96109764589346,39.53079815915538,92.0352498019638,0.5765500000016995,37408
696,25.92092804110871,39.20828835176995,92.0352498019638,0.5762000000017011,37443
697,25.77267209544516,38.70935366564183,92.0352498019638,0.5758400000017028,37479
698,31.963561515847687,38.515184934458794,92.0352498019638,0.5754000000017048,37523
699,27.53626262463513,38.278575237044116,92.0352498019638,0.5750100000017065,37562
700,34.94818148721242,38.3673209190546,92.0352498019638,0.5745500000017086,37608
701,24.45529926836025,38.160387616793216,92.0352498019638,0.5742200000017101,37641
702,27.566769479162758,38.12782843325496,92.0352498019638,0.5738600000017118,37677
703,26.024181125190808,38.05245706460648,92.0352498019638,0.5735000000017134,37713
704,27.783002059004502,37.7206061825669,92.0352498019638,0.5731300000017151,37750
705,24.83419612867874,37.45398309443268,92.0352498019638,0.5727800000017167,37785
706,27.06002598197665,37.44003994619596,92.0352498019638,0.5724000000017184,37823
707,25.2411568070238,37.226327243695614,92.0352498019638,0.5720800000017199,37855
708,37.78536555977189,37.30770423575252,92.0352498019638,0.571610000001722,37902
709,55.30898723746941,37.6127499257284,92.0352498019638,0.5709300000017251,37970
710,32.14945159651688,37.497736080338925,92.0352498019638,0.570520000001727,38011
711,46.314175321749644,37.60480802905133,92.0352498019638,0.5698400000017301,38079
712,55.92369371271343,37.86945259448226,92.0352498019638,0.5691000000017334,38153
713,47.39490593224764,38.044118570716506,92.0352498019638,0.5684600000017364,38217
714,37.827300044649746,37.98579947833348,92.0352498019638,0.5679700000017386,38266
715,29.290753865469014,37.79136503903499,92.0352498019638,0.5676000000017403,38303
716,24.081712764222175,37.57768247731421,92.0352498019638,0.5672600000017418,38337
717,35.57217614290494,37.27580779883838,92.0352498019638,0.5668200000017438,38381
718,32.93946213662275,37.24104107863504,92.0352498019638,0.566350000001746,38428
719,24.66104199673282,37.21284610326811,92.0352498019638,0.5660000000017475,38463
720,36.0966681028367,37.19625693636148,92.0352498019638,0.5655600000017496,38507
721,28.699809137440752,36.861069366181745,92.0352498019638,0.5651800000017513,38545
722,37.87048310695536,36.641272477828664,92.0352498019638,0.5647000000017535,38593
723,35.19734620519375,36.51453329651866,92.0352498019638,0.5642500000017555,38638
724,46.15901031208341,36.494773746044174,92.0352498019638,0.563700000001758,38693
725,76.66513134920388,36.76289581978732,92.0352498019638,0.5627300000017624,38790
726,35.300900062778965,36.69208390389258,92.0352498019638,0.5623000000017644,38833
727,26.958870914844738,36.464096453321055,92.0352498019638,0.561950000001766,38868
728,25.159055093303323,36.238121395790316,92.0352498019638,0.5616000000017676,38903
729,26.538234106017626,35.96485488365384,92.0352498019638,0.5612500000017692,38938
730,34.046430235379376,35.8562822559567,92.0352498019638,0.5607300000017715,38990
731,29.298945063179417,35.74537778128704,92.0352498019638,0.5603500000017733,39028
732,29.255950728082098,35.625067813650915,92.0352498019638,0.5599200000017752,39071
733,27.252756345667876,35.332431795052344,92.0352498019638,0.5595500000017769,39108
734,31.26176251427387,35.377594966058915,92.0352498019638,0.5591100000017789,39152
735,61.57293174037477,35.44039991279942,92.0352498019638,0.558000000001784,39263
736,34.60640474886168,35.52444301242673,92.0352498019638,0.5575800000017859,39305
737,46.38074196196976,35.67059256069764,92.0352498019638,0.5570000000017885,39363
738,37.32286523838411,35.79986798435764,92.0352498019638,0.5565400000017906,39409
739,47.499828116677236,35.83414341574511,92.0352498019638,0.5558100000017939,39482
740,26.05192250624532,35.80211525569908,92.0352498019638,0.5554400000017956,39519
741,30.028016426134855,35.686310317944205,92.0352498019638,0.5550400000017974,39559
742,29.872859199240338,35.419275451198246,92.0352498019638,0.5546500000017992,39598
743,73.69979976140894,35.891060619821125,92.0352498019638,0.5536100000018039,39702
744,26.277434800813353,35.86966499486074,92.0352498019638,0.5532600000018055,39737
745,22.526500127249165,35.7099055539803,92.0352498019638,0.552930000001807,39770
746,35.484721786371665,35.589164445547596,92.0352498019638,0.5524800000018091,39815
747,49.02066325186752,35.700909390012185,92.0352498019638,0.5518100000018121,39882
748,21.684669559122995,35.45101760085536,92.0352498019638,0.5515100000018135,39912
749,27.187215607147664,35.39481123628657,92.0352498019638,0.5511100000018153,39952
750,25.40626903087832,35.36595616403525,92.0352498019638,0.5507700000018169,39986
751,29.641562373784836,35.08628843110966,92.0352498019638,0.5503900000018186,40024
752,44.13000799730071,35.27545362253595,92.0352498019638,0.549870000001821,40076
753,23.70176042750245,35.257508963857056,92.0352498019638,0.5495400000018225,40109
754,41.801609541405924,35.41747575927622,92.0352498019638,0.5490200000018248,40161
755,36.59237178103649,35.51610322479968,92.0352498019638,0.548550000001827,40208
756,69.96531150332157,35.95754283153061,92.0352498019638,0.5476100000018312,40302
757,29.788089733243396,35.819147571928426,92.0352498019638,0.5472100000018331,40342
758,23.511150538892252,35.65356707476612,92.0352498019638,0.5468800000018346,40375
759,33.47931429417804,35.680984858968095,92.0352498019638,0.5464100000018367,40422
760,27.274298517088027,35.6624881748294,92.0352498019638,0.5460500000018383,40458
761,24.45653351326473,35.620170143581106,92.0352498019638,0.5457200000018398,40491
762,25.99666745387367,35.641995478370866,92.0352498019638,0.5453600000018415,40527
763,30.989551148260944,35.67947258561448,92.0352498019638,0.5449400000018434,40569
764,30.526980602197,35.67977808408168,92.0352498019638,0.5445100000018454,40612
765,48.198363395444176,35.9083186904399,92.0352498019638,0.5438800000018482,40675
766,24.57479798272834,35.86772386384835,92.0352498019638,0.5435500000018497,40708
767,25.148729751555948,35.64705824651957,92.0352498019638,0.5432100000018513,40742
768,25.628638789290562,34.98299213639284,92.0352498019638,0.5428600000018529,40777
769,28.80839301503147,34.76887572394973,92.0352498019638,0.5424900000018545,40814
770,48.571160942548886,35.00852117639208,92.0352498019638,0.5418900000018573,40874
771,27.11130720435176,34.838719508481425,92.0352498019638,0.541510000001859,40912
772,27.453907224175055,34.613091016128294,92.0352498019638,0.5411500000018606,40948
773,29.37483648068155,34.59012621201136,92.0352498019638,0.5407400000018625,40989
774,26.736183167820855,34.36410551877727,92.0352498019638,0.5403600000018642,41027
775,25.241231289779535,34.28959046535898,92.0352498019638,0.539980000001866,41065
776,23.731286595982965,34.24765292966394,92.0352498019638,0.5396500000018675,41098
777,33.00429545073712,34.17758202374525,92.0352498019638,0.5392000000018695,41143
778,24.891149089409737,33.98884612611457,92.0352498019638,0.5388600000018711,41177
779,27.000556741681066,33.9480437814992,92.0352498019638,0.5384900000018727,41214
780,25.17414502010797,33.94437264148879,92.0352498019638,0.5381400000018743,41249
781,26.335603001294658,33.49878125204273,92.0352498019638,0.5378000000018759,41283
782,23.27282148390077,33.35377111501066,92.0352498019638,0.5374800000018773,41315
783,24.800619345303858,33.23835166776849,92.0352498019638,0.5371400000018789,41349
784,34.72305715177208,33.27627303031817,92.0352498019638,0.5367100000018808,41392
785,24.424053946102504,33.227060997636634,92.0352498019638,0.5363800000018824,41425
786,23.53926312085241,33.21617840708006,92.0352498019638,0.5360600000018838,41457
787,26.302431301184697,33.148151244831155,92.0352498019638,0.5357000000018854,41493
788,27.209303337847814,33.154866629582884,92.0352498019638,0.5353300000018871,41530
789,34.90079751852318,33.22057374211092,92.0352498019638,0.5349000000018891,41573
790,27.038979123113677,33.042188857604394,92.0352498019638,0.5345300000018908,41610
791,28.13629630347714,32.66843797769927,92.0352498019638,0.5341500000018925,41648
792,24.298523562261835,32.65748941652848,92.0352498019638,0.533820000001894,41681
793,24.285516253090464,32.55853007399324,92.0352498019638,0.5334700000018956,41716
794,25.18732187480782,32.52659336600809,92.0352498019638,0.5331300000018971,41750
795,22.350345407583518,32.48048584362499,92.0352498019638,0.5328200000018986,41781
796,27.378158337145578,32.495058146585365,92.0352498019638,0.5324600000019002,41817
797,42.21571759801009,32.65948860161101,92.0352498019638,0.5318800000019028,41875
798,22.49636022411869,32.56481658869372,92.0352498019638,0.5315700000019042,41906
799,24.02088718372397,32.52966283428461,92.0352498019638,0.5312400000019057,41939
800,28.67367233004188,32.4669177427129,92.0352498019638,0.5308600000019075,41977
801,23.37231300219719,32.45608788005127,92.0352498019638,0.5305400000019089,42009
802,60.51170081293094,32.785537193388954,92.0352498019638,0.5297300000019126,42090
803,30.869710213068174,32.833992484267725,92.0352498019638,0.5292900000019146,42134
804,24.371792508405633,32.79988038876174,92.0352498019638,0.5289600000019161,42167
805,25.542211740801577,32.80696054488297,92.0352498019638,0.5286200000019177,42201
806,28.7187618015887,32.82354790307909,92.0352498019638,0.5282400000019194,42239
807,22.845668507303344,32.799593020081886,92.0352498019638,0.5279300000019208,42270
808,30.15098563929496,32.723249220877115,92.0352498019638,0.5275100000019227,42312
809,48.37232420919463,32.653882590594364,92.0352498019638,0.526800000001926,42383
810,36.870186778818606,32.70108994241738,92.0352498019638,0.5263300000019281,42430
811,26.800636208081414,32.5059545512807,92.0352498019638,0.5259700000019297,42466
812,25.474806605292542,32.201465680206496,92.0352498019638,0.5256300000019313,42500
813,25.043789454575744,31.977954515429772,92.0352498019638,0.5252900000019328,42534
814,63.662848917389056,32.23631000415717,92.0352498019638,0.5245100000019364,42612
815,30.641307332291035,32.24981553882539,92.0352498019638,0.5240700000019384,42656
816,37.62821497190453,32.38528056090221,92.0352498019638,0.5235800000019406,42705
817,21.79635978139413,32.2475223972871,92.0352498019638,0.523280000001942,42735
818,26.468571911449544,32.18281349503537,92.0352498019638,0.5229000000019437,42773
819,23.420852547857066,32.170411600546615,92.0352498019638,0.5225600000019452,42807
820,33.30579903087346,32.14250290982698,92.0352498019638,0.5221100000019473,42852
821,29.77867377945222,32.1532915562471,92.0352498019638,0.5217000000019492,42893
822,24.29819218153716,32.01756864699291,92.0352498019638,0.5213700000019507,42926
823,26.471364518103655,31.930308830122012,92.0352498019638,0.5210100000019523,42962
824,64.11724123067688,32.10989113930795,92.0352498019638,0.5199000000019574,43073
825,25.36552538452088,31.596895079661117,92.0352498019638,0.519550000001959,43108
826,25.17224953416735,31.495608574375,92.0352498019638,0.5191900000019606,43144
827,26.236177970276913,31.488381644929323,92.0352498019638,0.5188400000019622,43179
828,29.078475614631316,31.527575850142604,92.0352498019638,0.518440000001964,43219
829,27.027699706552085,31.53247050614795,92.0352498019638,0.5180800000019656,43255
830,23.43521421924015,31.426358345986554,92.0352498019638,0.5177500000019671,43288
831,25.99515326617984,31.39332042801656,92.0352498019638,0.5174000000019687,43323
832,27.292548082536086,31.3736864015611,92.0352498019638,0.5170200000019705,43361
833,24.673608905442507,31.347894927158844,92.0352498019638,0.5167000000019719,43393
834,24.921939308063884,31.284496695096745,92.0352498019638,0.5163700000019734,43426
835,25.307282213674625,30.921840199829745,92.0352498019638,0.516030000001975,43460
836,32.23778472028789,30.898153999544007,92.0352498019638,0.5156100000019769,43502
837,22.940024759300286,30.66374682751731,92.0352498019638,0.5153000000019783,43533
838,22.632754734513583,30.516845722478607,92.0352498019638,0.5149900000019797,43564
839,30.57016152702272,30.34754905658206,92.0352498019638,0.5145500000019817,43608
840,55.72042485862039,30.64423408010581,92.0352498019638,0.5135000000019865,43713
841,24.603868105899892,30.58999259690346,92.0352498019638,0.513170000001988,43746
842,27.174091634864453,30.563004921259704,92.0352498019638,0.5128200000019896,43781
843,23.911797741107875,30.06512490105669,92.0352498019638,0.5124800000019911,43815
844,26.55646521496965,30.067915205198254,92.0352498019638,0.5121500000019926,43848
845,45.70564812041266,30.29970668512989,92.0352498019638,0.5114700000019957,43916
846,25.10117665483267,30.1958712338145,92.0352498019638,0.5111300000019973,43950
847,38.750310968607664,30.093167710981902,92.0352498019638,0.510520000002,44011
848,27.86570501080132,30.154978065498685,92.0352498019638,0.5101100000020019,44052
849,64.61831724239164,30.529289081851125,92.0352498019638,0.5093100000020055,44132
850,24.614679019723553,30.521373181739577,92.0352498019638,0.508980000002007,44165
851,28.64427881798474,30.511400346181578,92.0352498019638,0.5086000000020088,44203
852,23.60001658499823,30.306100432058553,92.0352498019638,0.5082700000020103,44236
853,25.324733436020324,30.32233016214373,92.0352498019638,0.5079200000020119,44271
854,24.55829158553388,30.14989698258501,92.0352498019638,0.5075900000020134,44304
855,23.746470570302336,30.021437970477667,92.0352498019638,0.5072700000020148,44336
856,24.356554341182346,29.565350398856275,92.0352498019638,0.5069400000020163,44369
857,29.447692848945735,29.5619464300133,92.0352498019638,0.5065400000020182,44409
858,45.987139267483144,29.78670631729921,92.0352498019638,0.5058800000020212,44475
859,42.5002250453108,29.876915424810537,92.0352498019638,0.5052200000020242,44541
860,30.65323173156321,29.910704756955287,92.0352498019638,0.5047900000020261,44584
861,22.46225187019445,29.890761940524584,92.0352498019638,0.5044800000020275,44615
862,22.884535277233226,29.85964061875818,92.0352498019638,0.5041700000020289,44646
863,28.439582804126985,29.834140935316842,92.0352498019638,0.5038100000020306,44682
864,30.01439826029673,29.82901511189784,92.0352498019638,0.5034200000020324,44721
865,25.489096298930235,29.6019224409327,92.0352498019638,0.5030800000020339,44755
866,35.914054360589944,29.715315004711314,92.0352498019638,0.502630000002036,44800
867,24.009531823568977,29.703923025431447,92.0352498019638,0.5022800000020375,44835
868,50.3100394080393,29.95073703161893,92.0352498019638,0.5016300000020405,44900
869,38.74071159441519,30.05006021741277,92.0352498019638,0.5011800000020425,44945
870,53.35233870544471,30.09787199504173,92.0352498019638,0.5005300000020455,45010
871,25.891810755507322,30.085677030553285,92.0352498019638,0.5001600000020472,45047
872,34.11801281286171,30.15231808644015,92.0352498019638,0.49974000000204766,45089
873,25.074134715105174,30.109311068784386,92.0352498019638,0.4994100000020473,45122
874,23.374085229996126,30.075690089406137,92.0352498019638,0.499100000002047,45153
875,26.603832177235745,30.0893160982807,92.0352498019638,0.49875000000204667,45188
876,25.508856982341968,30.107091802144293,92.0352498019638,0.4983900000020463,45224
877,28.220314662925375,30.059251994266173,92.0352498019638,0.49802000000204594,45261
878,48.02641755234799,30.290604678895555,92.0352498019638,0.49742000000204534,45321
879,28.97657610458009,30.310364872524545,92.0352498019638,0.497060000002045,45357
880,28.525289965240518,30.343876321975873,92.0352498019638,0.4966900000020446,45394
881,33.09067073010374,30.411426999263963,92.0352498019638,0.4961900000020441,45444
882,30.04199539849651,30.47911873840992,92.0352498019638,0.4957900000020437,45484
883,23.850158810731955,30.4696141330642,92.0352498019638,0.4954600000020434,45517
884,30.79181116988184,30.4303016732453,92.0352498019638,0.49503000000204295,45560
885,38.08442553173518,30.566905389101624,92.0352498019638,0.4945700000020425,45606
886,37.51617045383318,30.706674462431433,92.0352498019638,0.494090000002042,45654
887,22.79191153665306,30.67156926478612,92.0352498019638,0.4937800000020417,45685
888,25.96400469213404,30.65911627832898,92.0352498019638,0.49344000000204136,45719
889,25.158913183724508,30.561697434980992,92.0352498019638,0.493100000002041,45753
890,26.02311593880586,30.551538803137916,92.0352498019638,0.49273000000204065,45790
891,24.759672942949692,30.51777256953264,92.0352498019638,0.4924100000020403,45822
892,38.90875830952427,30.663874917005263,92.0352498019638,0.4918900000020398,45874
893,26.074990320310462,30.681769657677464,92.0352498019638,0.49155000000203947,45908
894,21.67353149515111,30.646631753880897,92.0352498019638,0.49124000000203916,45939
895,46.83711317135021,30.891499431518564,92.0352498019638,0.49062000000203854,46001
896,38.41229655055213,31.00184081365263,92.0352498019638,0.4901600000020381,46047
897,27.629858132451773,30.855982218997045,92.0352498019638,0.4898000000020377,46083
898,21.682256723870523,30.847841183994564,92.0352498019638,0.4895000000020374,46113
899,26.407795275858007,30.871710264915905,92.0352498019638,0.48914000000203706,46149
900,32.325846990250284,30.90823201151799,92.0352498019638,0.4887100000020366,46192
901,25.19884884307976,30.926497369926814,92.0352498019638,0.4883700000020363,46226
902,92.50892068218673,31.24646956861937,92.50892068218673,0.487060000002035,46357
903,28.589708835730562,31.223669554845998,92.50892068218673,0.4867000000020346,46393
904,28.927894497290254,31.26923057473484,92.50892068218673,0.4863100000020342,46432
905,31.493217202456435,31.32874062935139,92.50892068218673,0.48582000000203374,46481
906,45.6448124282324,31.498001135617827,92.50892068218673,0.48522000000203314,46541
907,47.351397778547835,31.743058428330272,92.50892068218673,0.48465000000203257,46598
908,22.87125512387138,31.670261123176036,92.50892068218673,0.48434000000203226,46629
909,28.158291397532594,31.468120795059416,92.50892068218673,0.4839700000020319,46666
910,28.620860142051242,31.385627528691742,92.50892068218673,0.4836000000020315,46703
911,21.656509076972725,31.334186257380658,92.50892068218673,0.4833000000020312,46733
912,22.875744054326788,31.308195631870998,92.50892068218673,0.4829900000020309,46764
913,23.638092619657982,31.29413866352182,92.50892068218673,0.4826800000020306,46795
914,23.22353975145961,30.889745571862527,92.50892068218673,0.4823600000020303,46827
915,27.070382804929977,30.854036326588915,92.50892068218673,0.4820100000020299,46862
916,22.96419132302981,30.70739609010017,92.50892068218673,0.4817000000020296,46893
917,24.804224398729275,30.73747473627352,92.50892068218673,0.4813600000020293,46927
918,31.386863436404383,30.78665765152307,92.50892068218673,0.48095000000202887,46968
919,21.748727901402162,30.76993640505852,92.50892068218673,0.48065000000202857,46998
920,23.29796265150071,30.669858041264792,92.50892068218673,0.48033000000202825,47030
921,29.793052445391368,30.670001827924185,92.50892068218673,0.4798700000020278,47076
922,24.467685791256372,30.671696764021377,92.50892068218673,0.47954000000202746,47109
923,22.736106306809234,30.634344181908432,92.50892068218673,0.47922000000202714,47141
924,26.695990655949572,30.26013167616116,92.50892068218673,0.4788600000020268,47177
925,31.21739019890083,30.318650324304958,92.50892068218673,0.4784700000020264,47216
926,21.8256344832771,30.285184173796054,92.50892068218673,0.4781700000020261,47246
927,23.179292119311867,30.254615315286404,92.50892068218673,0.4778600000020258,47277
928,23.417090316972462,30.19800146230982,92.50892068218673,0.47754000000202546,47309
929,24.493448167108,30.172658946915377,92.50892068218673,0.4771900000020251,47344
930,25.059450501954416,30.18890130974252,92.50892068218673,0.47684000000202476,47379
931,81.23901420290349,30.741339919109755,92.50892068218673,0.4758000000020237,47483
932,67.42305323654728,31.14264497064987,92.50892068218673,0.4749700000020229,47566
933,27.130563489045016,31.167214516485892,92.50892068218673,0.4746000000020225,47603
934,27.025437736156164,31.188249500766815,92.50892068218673,0.47424000000202216,47639
935,22.694179107929813,31.162118469709366,92.50892068218673,0.47393000000202185,47670
936,29.294627042341745,31.132686892929904,92.50892068218673,0.47355000000202147,47708
937,23.15660626461613,31.134852707983065,92.50892068218673,0.47323000000202115,47740
938,23.82700770732481,31.146795237711174,92.50892068218673,0.4729100000020208,47772
939,28.471257456811145,31.12580619700906,92.50892068218673,0.4725000000020204,47813
940,23.466542820999166,30.80326737663285,92.50892068218673,0.4721900000020201,47844
941,22.756024676258676,30.784788942336437,92.50892068218673,0.4718800000020198,47875
942,22.5980174576398,30.73902820056419,92.50892068218673,0.4715700000020195,47906
943,22.74433231560397,30.72735354630915,92.50892068218673,0.47125000000201916,47938
944,26.268686762196012,30.724475761781413,92.50892068218673,0.4709000000020188,47973
945,28.30092121803318,30.550428492757618,92.50892068218673,0.47053000000201844,48010
946,23.033480528974906,30.52975153149904,92.50892068218673,0.4702000000020181,48043
947,23.848110704217106,30.380729528855134,92.50892068218673,0.4698800000020178,48075
948,34.38240169812343,30.445896495728356,92.50892068218673,0.4694100000020173,48122
949,29.22560708873789,30.09196939419182,92.50892068218673,0.46904000000201695,48159
950,24.373307470581494,30.0895556787004,92.50892068218673,0.4687100000020166,48192
951,25.215122811983747,30.055264118640387,92.50892068218673,0.4683600000020163,48227
952,25.56671153672869,30.074931068157692,92.50892068218673,0.4679900000020159,48264
953,24.25735103363695,30.06425724413386,92.50892068218673,0.4676600000020156,48297
954,38.291082306033786,30.201585151338858,92.50892068218673,0.4671800000020151,48345
955,23.02317436216981,30.194352189257533,92.50892068218673,0.46685000000201476,48378
956,24.197306305286475,30.192759708898574,92.50892068218673,0.46652000000201443,48411
957,25.14853766481974,30.149768157057316,92.50892068218673,0.46612000000201403,48451
958,47.24170259217499,30.162313790304232,92.50892068218673,0.4655700000020135,48506
959,45.12684699497186,30.188580009800845,92.50892068218673,0.46504000000201295,48559
960,31.67386679101037,30.198786360395317,92.50892068218673,0.46464000000201255,48599
961,23.434525301039685,30.208509094703768,92.50892068218673,0.4643100000020122,48632
962,24.96977732158848,30.22936151514732,92.50892068218673,0.4639700000020119,48666
963,30.938191683380865,30.25434760393986,92.50892068218673,0.4635700000020115,48706
964,24.552430032897973,30.199727921665872,92.50892068218673,0.46325000000201116,48738
965,23.01930908416398,30.17503004951821,92.50892068218673,0.46293000000201084,48770
966,26.46907395371818,30.080580245449493,92.50892068218673,0.4625800000020105,48805
967,31.92229555104859,30.159707882724287,92.50892068218673,0.46215000000201006,48848
968,25.129404078237712,29.907901529426272,92.50892068218673,0.4617900000020097,48884
969,37.710561243235134,29.89760002591447,92.50892068218673,0.4613100000020092,48932
970,23.231232315825764,29.59638896201828,92.50892068218673,0.4610000000020089,48963
971,43.875594704353716,29.776226801506745,92.50892068218673,0.46025000000200816,49038
972,25.800391821190715,29.693050591590037,92.50892068218673,0.4598800000020078,49075
973,27.622856599642546,29.71853781043541,92.50892068218673,0.45952000000200743,49111
974,24.289318511029705,29.727690143245745,92.50892068218673,0.4591600000020071,49147
975,38.709325759351486,29.8487450790669,92.50892068218673,0.4586600000020066,49197
976,34.990482884750236,29.943561338090987,92.50892068218673,0.45823000000200614,49240
977,23.620119042898295,29.897559381890716,92.50892068218673,0.4579100000020058,49272
978,24.3130997211847,29.66042620357908,92.50892068218673,0.4575800000020055,49305
979,31.15796934516402,29.68224013598492,92.50892068218673,0.457110000002005,49352
980,24.6361672305502,29.643348908638018,92.50892068218673,0.4567800000020047,49385
981,21.806782631087117,29.53051002764785,92.50892068218673,0.4564800000020044,49415
982,51.731029577640584,29.74740036943929,92.50892068218673,0.45574000000200365,49489
983,27.154808263556333,29.780446863967537,92.50892068218673,0.4553900000020033,49524
984,38.959468518791255,29.86212343745663,92.50892068218673,0.4546600000020026,49597
985,51.916452901030425,30.000443711149583,92.50892068218673,0.4539100000020018,49672
986,30.86605925252661,29.93394259913652,92.50892068218673,0.4535000000020014,49713
987,42.19545453124738,30.12797802908246,92.50892068218673,0.4528100000020007,49782
988,23.831121373543283,30.10664919589655,92.50892068218673,0.4524900000020004,49814
989,23.12876409853925,30.0863477050447,92.50892068218673,0.45215000000200006,49848
990,19.683899601892335,30.022955541675564,92.50892068218673,0.4518600000019998,49877
991,25.58563873282401,30.03121519957431,92.50892068218673,0.4515100000019994,49912
992,67.64862247677229,30.318613841246787,92.50892068218673,0.45073000000199864,49990
993,35.64863546038396,30.414350292647523,92.50892068218673,0.4502700000019982,50036
994,25.804546787723666,30.455660445573248,92.50892068218673,0.4499000000019978,50073
995,54.500962609570706,30.532298939955453,92.50892068218673,0.44924000000199715,50139
996,66.31087062807637,30.811284680730697,92.50892068218673,0.4483900000019963,50224
997,30.68877750908723,30.84187387449705,92.50892068218673,0.4479800000019959,50265
998,33.64362667227397,30.961487573981085,92.50892068218673,0.44755000000199546,50308
999,41.978245928068645,31.11719208050319,92.50892068218673,0.44692000000199483,50371
1000,37.01425405924965,31.164076151193186,92.50892068218673,0.44644000000199435,50419
1001,29.154620176532262,31.20363386452771,92.50892068218673,0.44604000000199395,50459
1002,60.7962095325646,30.88650675303149,92.50892068218673,0.44534000000199325,50529
1003,33.739393256888434,30.938003597243068,92.50892068218673,0.4449100000019928,50572
1004,41.97973137264489,31.068521965996617,92.50892068218673,0.4444100000019923,50622
1005,23.529752765331068,30.988887321625363,92.50892068218673,0.444080000001992,50655
1006,34.49641532934038,30.877403350636442,92.50892068218673,0.44365000000199156,50698
1007,25.831531237854506,30.662204685229508,92.50892068218673,0.4432900000019912,50734
1008,31.27876699308399,30.746279803921635,92.50892068218673,0.4428700000019908,50776
1009,49.562863673694665,30.960325526683256,92.50892068218673,0.44206000000198997,50857
